country_id,iso3,iso3num,country,countrylong,first_year,last_year,countrygroup_iso3,countrygroup_iso3num,iso2,heg_iso3_2020,heg_iso3num_2020
AFG,AFG,4,Afghanistan,Islamic Republic of Afghanistan,,,,, AF,,
ALB,ALB,8,Albania,Republic of Albania,,,,, AL,,
DZA,DZA,12,Algeria,People's Democratic Republic of Algeria,,,,, DZ,,
ASM,ASM,16,American Samoa,American Samoa,,,,, AS,USA,840
AND,AND,20,Andorra,Principality of Andorra,,,,, AD,,
AGO,AGO,24,Angola,Republic of Angola,,,,, AO,,
AIA,AIA,660,Anguilla,Anguilla,,,,, AI,GBR,826
ATG,ATG,28,Antigua and Barbuda,Antigua and Barbuda,,,,, AG,,
ARG,ARG,32,Argentina,Argentine Republic,,,,, AR,,
ARM,ARM,51,Armenia,Republic of Armenia,1991,,SUN,810, AM,,
ABW,ABW,533,Aruba,Aruba,1986,,ANT,532, AW,NLD,528
AUS,AUS,36,Australia,Commonwealth of Australia,,,,, AU,,
AUT,AUT,40,Austria,Republic of Austria,,,,, AT,,
AZE,AZE,31,Azerbaijan,Republic of Azerbaijan,1991,,SUN,810, AZ,,
BHS,BHS,44,Bahamas,Commonwealth of The Bahamas,,,,, BS,,
BHR,BHR,48,Bahrain,Kingdom of Bahrain,,,,, BH,,
BGD,BGD,50,Bangladesh,People's Republic of Bangladesh,1971,,PAK,586, BD,,
BRB,BRB,52,Barbados,Barbados,,,,, BB,,
BLR,BLR,112,Belarus,Republic of Belarus,1991,,SUN,810, BY,,
BEL,BEL,56,Belgium,Kingdom of Belgium,,,,, BE,,
BLZ,BLZ,84,Belize,Belize,,,,, BZ,,
BEN,BEN,204,Benin,Republic of Benin,,,,, BJ,,
BMU,BMU,60,Bermuda,The Bermudas,,,,, BM,GBR,826
BTN,BTN,64,Bhutan,Kingdom of Bhutan,,,,, BT,,
BOL,BOL,68,Bolivia,Plurinational State of Bolivia,,,,, BO,,
BES,BES,535,"Bonaire, Sint Eustatius and Saba","Bonaire, Sint Eustatius and Saba",,,,,BQ,NLD,528
BIH,BIH,70,Bosnia and Herzegovina,Bosnia and Herzegovina,1992,,YUG,890, BA,,
BWA,BWA,72,Botswana,Republic of Botswana,,,,, BW,,
BRA,BRA,76,Brazil,Federative Republic of Brazil,,,,, BR,,
IOT,IOT,86,British Indian Ocean Territory,British Indian Ocean Territory,,,,, IO,GBR,826
VGB,VGB,92,British Virgin Islands,Virgin Islands,,,,, VG,GBR,826
BRN,BRN,96,Brunei,Brunei Darussalam,,,,, BN,,
BGR,BGR,100,Bulgaria,Republic of Bulgaria,,,,, BG,,
BFA,BFA,854,Burkina Faso,Burkina Faso,,,,, BF,,
BDI,BDI,108,Burundi,Republic of Burundi,,,,, BI,,
KHM,KHM,116,Cambodia,Kingdom of Cambodia,,,,, KH,,
CMR,CMR,120,Cameroon,Republic of Cameroon,,,,, CM,,
CAN,CAN,124,Canada,Canada,,,,, CA,,
CPV,CPV,132,Cape Verde,Republic of Cabo Verde,,,,, CV,,
CYM,CYM,136,Cayman Islands,Cayman Islands,,,,, KY,GBR,826
CAF,CAF,140,Central African Republic,Central African Republic,,,,, CF,,
TCD,TCD,148,Chad,Republic of Chad,,,,, TD,,
CHL,CHL,152,Chile,Republic of Chile,,,,, CL,,
CHN,CHN,156,China,People's Republic of China,,,,, CN,,
CXR,CXR,162,Christmas Island,Christmas Island,,,,, CX,AUS,36
CCK,CCK,166,Cocos (Keeling) Islands,Cocos (Keeling) Islands,,,,, CC,AUS,36
COL,COL,170,Colombia,Republic of Colombia,,,,, CO,,
COM,COM,174,Comoros,Union of the Comoros,,,,, KM,,
COD,COD,180,"Congo, Democratic Rep. of the",Democratic Republic of the Congo,,,,, CD,,
COG,COG,178,"Congo, Rep. of the",Republic of Congo,,,,, CG,,
COK,COK,184,Cook Islands,Cook Islands,,,,, CK,NZL,554
CRI,CRI,188,Costa Rica,Republic of Costa Rica,,,,, CR,,
CIV,CIV,384,Cote d'Ivoire,Republic of Côte d'Ivoire,,,,, CI,,
HRV,HRV,191,Croatia,Republic of Croatia,1991,,YUG,890, HR,,
CUB,CUB,192,Cuba,Republic of Cuba,,,,, CU,,
CUW,CUW,531,Curacao,Curacao,,,,,CW,NLD,528
CYP,CYP,196,Cyprus,Republic of Cyprus,,,,, CY,,
CZE,CZE,203,Czech Republic,Czech Republic,1993,,CSK,200, CZ,,
CSK,CSK,200,Czechoslovakia,Czechoslovakia,,1993,CSK,200,CS,,
DNK,DNK,208,Denmark,Kingdom of Denmark,,,,, DK,,
DJI,DJI,262,Djibouti,Republic of Djibouti,,,,, DJ,,
DMA,DMA,212,Dominica,Commonwealth of Dominica,,,,, DM,,
DOM,DOM,214,Dominican Republic,Dominican Republic,,,,, DO,,
DDR,DDR,278,East Germany,German Democratic Republic,1949,1990,DEU,276,DD,,
ECU,ECU,218,Ecuador,Republic of Ecuador,,,,, EC,,
EGY,EGY,818,Egypt,Arab Republic of Egypt,,,,, EG,,
SLV,SLV,222,El Salvador,Republic of El Salvador,,,,, SV,,
GNQ,GNQ,226,Equatorial Guinea,Republic of Equatorial Guinea,,,,, GQ,,
ERI,ERI,232,Eritrea,State of Eritrea,1993,,ETH,230, ER,,
EST,EST,233,Estonia,Republic of Estonia,1991,,SUN,810, EE,,
SWZ,SWZ,748,Eswatini,Kingdom of Swaziland,,,,, SZ,,
ETH.1,ETH,230,Ethiopia + Eritrea,Federal Democratic Republic of Ethiopia,,1992,ETH,230, ET,,
FLK,FLK,238,Falkland Islands,Falkland Islands,,,,, FK,GBR,826
FRO,FRO,234,Faroe Islands,Faeroe Islands,,,,, FO,DNK,208
FJI,FJI,242,Fiji,Republic of Fiji,,,,, FJ,,
FIN,FIN,246,Finland,Republic of Finland,,,,, FI,,
FRA,FRA,250,France,French Republic,,,,, FR,,
GUF,GUF,254,French Guiana,French Guiana,,,,, GF,FRA,250
PYF,PYF,258,French Polynesia,French Polynesia,,,,, PF,FRA,250
GAB,GAB,266,Gabon,Gabonese Republic,,,,, GA,,
GMB,GMB,270,Gambia,Republic of The Gambia,,,,, GM,,
GEO,GEO,268,Georgia,Georgia,1991,,SUN,810, GE,,
DEU.1,DEU,280,West Germany,Federal Republic of Germany,,1989,DEU,276, DE,,
GHA,GHA,288,Ghana,Republic of Ghana,,,,, GH,,
GIB,GIB,292,Gibraltar,Gibraltar,,,,, GI,GBR,826
GRC,GRC,300,Greece,Hellenic Republic,,,,, GR,,
GRL,GRL,304,Greenland,Greenland,,,,, GL,DNK,208
GRD,GRD,308,Grenada,Grenada,,,,, GD,,
GLP,GLP,312,Guadeloupe,Guadeloupe,,,,, GP,FRA,250
GUM,GUM,316,Guam,Guam,,,,, GU,USA,840
GTM,GTM,320,Guatemala,Republic of Guatemala,,,,, GT,,
GIN,GIN,324,Guinea,Republic of Guinea,,,,, GN,,
GNB,GNB,624,Guinea-Bissau,Republic of Guinea-Bissau,,,,, GW,,
GUY,GUY,328,Guyana,Co-operative Republic of Guyana,,,,, GY,,
HTI,HTI,332,Haiti,Republic of Haiti,,,,, HT,,
VAT,VAT,336,Holy See,Vatican City State,,,,, VA,,
HND,HND,340,Honduras,Republic of Honduras,,,,, HN,,
HKG,HKG,344,Hong Kong,Hong Kong Special Administrative Region of the People's Republic of China,,,,, HK,CHN,156
HUN,HUN,348,Hungary,Hungary,,,,, HU,,
ISL,ISL,352,Iceland,Republic of Iceland,,,,, IS,,
IND,IND,356,India,Republic of India,,,,, IN,,
IDN.1,IDN,360,Indonesia + Timor-Leste,Republic of Indonesia,,2001,IDN,360, ID,,
IRN,IRN,364,Iran,Islamic Republic of Iran,,,,, IR,,
IRQ,IRQ,368,Iraq,Republic of Iraq,,,,, IQ,,
IRL,IRL,372,Ireland,Ireland,,,,, IE,,
ISR,ISR,376,Israel,State of Israel,,,,, IL,,
ITA,ITA,380,Italy,Italian Republic,,,,, IT,,
JAM,JAM,388,Jamaica,Jamaica,,,,, JM,,
JPN,JPN,392,Japan,Japan,,,,, JP,,
JOR,JOR,400,Jordan,Hashemite Kingdom of Jordan,,,,, JO,,
KAZ,KAZ,398,Kazakhstan,Republic of Kazakhstan,1991,,SUN,810, KZ,,
KEN,KEN,404,Kenya,Republic of Kenya,,,,, KE,,
KIR,KIR,296,Kiribati,Republic of Kiribati,,,,, KI,,
KWT,KWT,414,Kuwait,State of Kuwait,,,,, KW,,
KGZ,KGZ,417,Kyrgyzstan,Kyrgyz Republic,1991,,SUN,810, KG,,
LAO,LAO,418,Laos,Lao People's Democratic Republic,,,,, LA,,
LVA,LVA,428,Latvia,Republic of Latvia,1991,,SUN,810, LV,,
LBN,LBN,422,Lebanon,Lebanese Republic,,,,, LB,,
LSO,LSO,426,Lesotho,Kingdom of Lesotho,,,,, LS,,
LBR,LBR,430,Liberia,Republic of Liberia,,,,, LR,,
LBY,LBY,434,Libya,Socialist People's Libyan Arab Jamahiriya,,,,, LY,,
LIE,LIE,438,Liechtenstein,Principality of Liechtenstein,,,,, LI,,
LTU,LTU,440,Lithuania,Republic of Lithuania,1991,,SUN,810, LT,,
LUX,LUX,442,Luxembourg,Grand Duchy of Luxembourg,,,,, LU,,
MAC,MAC,446,Macao,Macao Special Administrative Region of the People's Republic of China,,,,, MO,CHN,156
MDG,MDG,450,Madagascar,Republic of Madagascar,,,,, MG,,
MWI,MWI,454,Malawi,Republic of Malawi,,,,, MW,,
MYS.1,MYS,458,Malaysia + Singapore,State of Malaysia,,1964,MYS,458, MY,,
MDV,MDV,462,Maldives,Republic of Maldives,,,,, MV,,
MLI,MLI,466,Mali,Republic of Mali,,,,, ML,,
MLT,MLT,470,Malta,Republic of Malta,,,,, MT,,
MHL,MHL,584,Marshall Islands,Republic of the Marshall Islands,,,,, MH,,
MTQ,MTQ,474,Martinique,Martinique,,,,, MQ,FRA,250
MRT,MRT,478,Mauritania,Islamic Republic of Mauritania,,,,, MR,,
MUS,MUS,480,Mauritius,Republic of Mauritius,,,,, MU,,
MYT,MYT,175,Mayotte,Department of Mayotte,,,,, YT,FRA,250
MEX,MEX,484,Mexico,United Mexican States,,,,, MX,,
FSM,FSM,583,Micronesia,Federated States of Micronesia,,,,, FM,,
MDA,MDA,498,Moldova,Republic of Moldova,1991,,SUN,810, MD,,
MCO,MCO,492,Monaco,Principality of Monaco,,,,, MC,,
MNG,MNG,496,Mongolia,Mongolia,,,,, MN,,
MNE,MNE,499,Montenegro,Montenegro,2006,,SCG,891, ME,,
MSR,MSR,500,Montserrat,Montserrat,,,,, MS,GBR,826
MAR,MAR,504,Morocco,Kingdom of Morocco,,,,, MA,,
MOZ,MOZ,508,Mozambique,Republic of Mozambique,,,,, MZ,,
MMR,MMR,104,Myanmar,Republic of the Union of Myanmar,,,,, MM,,
NAM,NAM,516,Namibia,Republic of Namibia,,,,, NA,,
NRU,NRU,520,Nauru,Republic of Nauru,,,,, NR,,
NPL,NPL,524,Nepal,Nepal,,,,, NP,,
NLD,NLD,528,Netherlands,Kingdom of the Netherlands,,,,, NL,,
ANT.1,ANT,532,Netherlands Antilles + Aruba,Netherlands Antilles,,1985,ANT,532, AN,,
NCL,NCL,540,New Caledonia,New Caledonia,,,,, NC,FRA,250
NZL,NZL,554,New Zealand,New Zealand,,,,, NZ,,
NIC,NIC,558,Nicaragua,Republic of Nicaragua,,,,, NI,,
NER,NER,562,Niger,Republic of Niger,,,,, NE,,
NGA,NGA,566,Nigeria,Federal Republic of Nigeria,,,,, NG,,
NIU,NIU,570,Niue,Niue,,,,, NU,NZL,554
NFK,NFK,574,Norfolk Island,Norfolk Island,,,,, NF,AUS,36
PRK,PRK,408,North Korea,Democratic People's Republic of Korea,,,,, KP,,
MKD,MKD,807,North Macedonia,Former Yugoslav Republic of Macedonia,1991,,YUG,890, MK,,
VDR,VDR,,North Vietnam,Democratic Republic of Vietnam,1954,1976,VNM,704,VD,,
MNP,MNP,580,Northern Mariana Islands,Commonwealth of the Northern Mariana Islands,,,,, MP,USA,840
NOR,NOR,578,Norway,Kingdom of Norway,,,,, NO,,
OMN,OMN,512,Oman,Sultanate of Oman,,,,, OM,,
PAK.1,PAK,586,Pakistan + Bangladesh,Islamic Republic of Pakistan,,1970,PAK,586, PK,,
PLW,PLW,585,Palau,Republic of Palau,,,,, PW,,
PSE,PSE,275,Palestine,State of Palestine,,,,, PS,,
PAN,PAN,591,Panama,Republic of Panama,,,,, PA,,
PNG,PNG,598,Papua New Guinea,The Independent State of Papua New Guinea,,,,, PG,,
PRY,PRY,600,Paraguay,Republic of Paraguay,,,,, PY,,
PER,PER,604,Peru,Republic of Peru,,,,, PE,,
PHL,PHL,608,Philippines,Republic of the Philippines,,,,, PH,,
PCN,PCN,612,Pitcairn Islands,The Pitcairn,,,,, PN,GBR,826
POL,POL,616,Poland,Republic of Poland,,,,, PL,,
PRT,PRT,620,Portugal,Portuguese Republic,,,,, PT,,
PRI,PRI,630,Puerto Rico,Commonwealth of Puerto Rico,,,,, PR,USA,840
QAT,QAT,634,Qatar,State of Qatar,,,,, QA,,
REU,REU,638,Reunion,Reunion,,,,, RE,FRA,250
ROU,ROU,642,Romania,Romania,,,,, RO,,
RUS,RUS,643,Russia,Russian Federation,1991,,SUN,810, RU,,
RWA,RWA,646,Rwanda,Republic of Rwanda,,,,, RW,,
SHN,SHN,654,Saint Helena,Saint Helena,,,,, SH,GBR,826
KNA,KNA,659,Saint Kitts and Nevis,Saint Kitts and Nevis,,,,, KN,,
LCA,LCA,662,Saint Lucia,Saint Lucia,,,,, LC,,
SPM,SPM,666,Saint Pierre and Miquelon,Saint Pierre and Miquelon,,,,, PM,FRA,250
VCT,VCT,670,Saint Vincent and the Grenadines,Saint Vincent and the Grenadines,,,,, VC,,
WSM,WSM,882,Samoa,Samoa,,,,, WS,,
SMR,SMR,674,San Marino,Republic of San Marino,,,,, SM,,
STP,STP,678,Sao Tome and Principe,Democratic Republic of São Tomé and Principe,,,,, ST,,
SAU,SAU,682,Saudi Arabia,Kingdom of Saudi Arabia,,,,, SA,,
SEN,SEN,686,Senegal,Republic of Senegal,,,,, SN,,
SRB,SRB,688,Serbia,Republic of Serbia,2006,,SCG,891, RS,,
SCG,SCG,891,Serbia and Montenegro,Federal Republic of Yugoslavia (1992-2003) & State Union of Serbia and Montenegro (2003-2006),1992,2006,YUG,890,CS,,
SYC,SYC,690,Seychelles,Republic of Seychelles,,,,, SC,,
SLE,SLE,694,Sierra Leone,Republic of Sierra Leone,,,,, SL,,
SGP,SGP,702,Singapore,Republic of Singapore,1965,,MYS,458, SG,,
SXM,SXM,534,Sint Marteen,Sint Marteen,2010,,ANT,532,SX,NLD,528
SVK,SVK,703,Slovakia,Slovak Republic,1993,,CSK,200, SK,,
SVN,SVN,705,Slovenia,Republic of Slovenia,1991,,YUG,890, SI,,
SLB,SLB,90,Solomon Islands,Solomon Islands,,,,, SB,,
SOM,SOM,706,Somalia,Somali Democratic Republic,,,,, SO,,
ZAF,ZAF,710,South Africa,Republic of South Africa,,,,, ZA,,
KOR,KOR,410,South Korea,Republic of Korea,,,,, KR,,
SSD,SSD,728,South Sudan,Republic of South Sudan,2011,,SDN,736, SS,,
YMD,YMD,720,South Yemen,People's Democratic Republic of Yemen,1967,1990,YEM,887,YD,,
ESP,ESP,724,Spain,Kingdom of Spain,,,,, ES,,
LKA,LKA,144,Sri Lanka,Democratic Socialist Republic of Sri Lanka,,,,, LK,,
SDN.1,SDN,736,Sudan + South Sudan,Republic of the Sudan,,2010,SDN,736, SD,,
SUR,SUR,740,Suriname,Republic of Suriname,,,,, SR,,
SWE,SWE,752,Sweden,Kingdom of Sweden,,,,, SE,,
CHE,CHE,756,Switzerland,Switzerland,,,,, CH,,
SYR,SYR,760,Syria,Syrian Arab Republic,,,,, SY,,
TWN,TWN,158,Taiwan,Republic of China,,,,, TW,CHN,156
TJK,TJK,762,Tajikistan,Republic of Tajikistan,1991,,SUN,810, TJ,,
TZA,TZA,834,Tanzania,United Republic of Tanzania,,,,, TZ,,
THA,THA,764,Thailand,Kingdom of Thailand,,,,, TH,,
TLS,TLS,626,Timor-Leste,Democratic Republic of Timor-Leste,2002,,IDN,360, TL,,
TGO,TGO,768,Togo,Republic of Togo,,,,, TG,,
TKL,TKL,772,Tokelau,Tokelau,,,,, TK,NZL,554
TON,TON,776,Tonga,Kingdom of Tonga,,,,, TO,,
TTO,TTO,780,Trinidad and Tobago,Republic of Trinidad and Tobago,,,,, TT,,
TUN,TUN,788,Tunisia,Republic of Tunisia,,,,, TN,,
TUR,TUR,792,Turkey,Republic of Turkey,,,,, TR,,
TKM,TKM,795,Turkmenistan,Turkmenistan,1991,,SUN,810, TM,,
TCA,TCA,796,Turks and Caicos Islands,Turks and Caicos Islands,,,,, TC,GBR,826
TUV,TUV,798,Tuvalu,Tuvalu,,,,, TV,,
SUN,SUN,810,USSR,Union of Soviet Socialist Republics,,1991,SUN,810,SU,,
UGA,UGA,800,Uganda,Republic of Uganda,,,,, UG,,
UKR,UKR,804,Ukraine,Ukraine,1991,,SUN,810, UA,,
ARE,ARE,784,United Arab Emirates,United Arab Emirates,,,,, AE,,
GBR,GBR,826,United Kingdom,United Kingdom of Great Britain and Northern Ireland,,,,, GB,,
USA,USA,840,United States of America,United States of America,,,,, US,,
URY,URY,858,Uruguay,Oriental Republic of Uruguay,,,,, UY,,
UZB,UZB,860,Uzbekistan,Republic of Uzbekistan,1991,,SUN,810, UZ,,
VUT,VUT,548,Vanuatu,Republic of Vanuatu,,,,, VU,,
VEN,VEN,862,Venezuela,República Bolivariana de Venezuela,,,,, VE,,
VNM.1,VNM,704,South Vietnam,Republic of Vietnam,,1975,VNM,704, VN,,
WLF,WLF,876,Wallis and Futuna,Territory of the Wallis and Futuna ISlands,,,,, WF,FRA,250
ESH,ESH,732,Western Sahara,Western Sahara,,,,, EH,MAR,504
YEM.1,YEM,886,North Yemen,Yemen Arab Republic,,1989,YEM,887, YE,,
YUG,YUG,890,Yugoslavia,Socialist  Federal  Republic  of  Yugoslavia,,1992,YUG,891,YU,,
ZMB,ZMB,894,Zambia,Republic of Zambia,,,,, ZM,,
ZWE,ZWE,716,Zimbabwe,Republic of Zimbabwe,,,,, ZW,,
ANT.2,ANT,530,Netherlands Antilles,Netherlands Antilles,1986,2010,ANT,532, AN,,
PAK.2,PAK,586,Pakistan,Islamic Republic of Pakistan,1971,,PAK,586, PK,,
ETH.2,ETH,231,Ethiopia,Federal Democratic Republic of Ethiopia,1993,,ETH,230, ET,,
MYS.2,MYS,458,Malaysia,Malaysia,1965,,MYS,458, MY,,
SDN.2,SDN,729,Sudan,Republic of the Sudan,2011,,SDN,736, SD,,
IDN.2,IDN,360,Indonesia,Republic of Indonesia,2002,,IDN,360, ID,,
DEU.2,DEU,276,Germany,Federal Republic of Germany,1990,,DEU,276, DE,,
YEM.2,YEM,887,Yemen,Republic of Yemen,1990,,YEM,887, YE,,
VNM.2,VNM,704,Vietnam,Socialist Republic of Vietnam,1976,,VNM,704, VN,,
